<?xml version="1.0" encoding="UTF-8" standalone="yes"?>
<addon id="repository.gbtech" name="[COLOR dodgerblue]GBTech[/COLOR] Repository" version="3.0.3" provider-name="GaiaBuilds Tech">
    <extension point="xbmc.addon.repository" name="GBTechRepo">
		<dir>
			<info compressed="false">https://raw.githubusercontent.com/GBTechWizard/repo/master/zips/addons.xml</info>
			<checksum>https://raw.githubusercontent.com/GBTechWizard/repo/master/zips/addons.xml.md5</checksum>
			<datadir zip="true">https://raw.githubusercontent.com/GBTechWizard/repo/master/zips</datadir>
		</dir>
	</extension>
    <extension point="xbmc.addon.metadata">
        <summary>[COLOR dodgerblue]GBTech[/COLOR] Repository</summary>
        <description>Home of the GaiaBuildsTech Repository, Wizard and Builds.</description>
        <disclaimer></disclaimer>
        <platform>all</platform>
        <assets>
            <icon>icon.png</icon>
            <fanart>fanart.jpg</fanart>
        </assets>
        <source>https://GBTechWizard.github.io/</source>
    </extension>
</addon>