<?xml version="1.0" encoding="UTF-8" standalone="yes"?>
<addon id="repository.gbtech" name="[COLOR dodgerblue]GBTech[/COLOR] Repo" version="1.2.0" provider-name="GaiaBuilds Tech">
        <requires>
            <import addon="xbmc.addon" version="12.0.0"/>
        </requires>
		<extension point="xbmc.addon.repository" name="GBTech Repo">
			<dir>
				<info compressed="false">https://gayabuilds.000webhostapp.com/zips/addons.xml</info>
				<checksum>https://gayabuilds.000webhostapp.com/zips/addons.xml.md5</checksum>
				<datadir zip="true">https://gayabuilds.000webhostapp.com/zips</datadir>
			</dir>
		</extension>
		<extension point="xbmc.addon.metadata">
			<summary>GaiaBuildsTech Repository</summary>
			<description>Home of the GaiaBuildsTech Wizard</description>
			<disclaimer></disclaimer>
			<platform>all</platform>
			<assets>
				<icon>icon.png</icon>
				<fanart>fanart.jpg</fanart>
			</assets>
			<source>http://gbtech.rf.gd/</source>
		</extension>
</addon>
