<?xml version="1.0" encoding="UTF-8" standalone="yes"?>
<addon id="repository.gbtech" name="[COLOR dodgerblue]GBTech[/COLOR] Repository" version="3.0.0" provider-name="GaiaBuilds Tech">
    <extension point="xbmc.addon.repository" name="[COLOR dodgerblue]GBTech[/COLOR] Repository">
        <dir minversion="17.0" maxversion="18.9.0">
			<info compressed="false">https://raw.githubusercontent.com/GBTechWizard/repo/master/leia/zips/addons.xml</info>
			<checksum>https://raw.githubusercontent.com/GBTechWizard/repo/master/leia/zips/addons.xml.md5</checksum>
			<datadir zip="true">https://github.com/GBTechWizard/repo/tree/master/leia/zips</datadir>
		</dir>
        <dir minversion="18.9.0">
			<info compressed="false">https://raw.githubusercontent.com/GBTechWizard/repo/master/matrix/zips/addons.xml</info>
			<checksum>https://raw.githubusercontent.com/GBTechWizard/repo/master/matrix/zips/addons.xml.md5</checksum>
			<datadir zip="true">https://github.com/GBTechWizard/repo/tree/master/matrix/zips</datadir>
        </dir>
    </extension>
    
    <extension point="xbmc.addon.metadata">
        <summary>[COLOR dodgerblue]GBTech[/COLOR] Repository</summary>
        <description>Home of the GaiaBuildsTech Repository, Wizard and Builds.</description>
        <disclaimer></disclaimer>
        <platform>all</platform>
        <assets>
            <icon>icon.png</icon>
            <fanart>fanart.jpg</fanart>
        </assets>
        <source>https://GBTechWizard.github.io/</source>
    </extension>
</addon>